Workbook

Sheet DATA
B1: Each persona is one person you interview. Score every brand from 1 to 5 on each scale: 1 = the description on the left, 5 = the description on the right.
B2: persona | C2: 1
B3: 1 | C3: 5 | D3: Pizza Hut | E3: McDonald's | F3: Burger King | G3: KFC | H3: Dunkin' | I3: Starbucks | J3: Poke bowl
B4: Limited menu | C4: Menu with wide variety of combinations
B5: Few points of sale | C5: Many outlets
B6: Unhealthy food | C6: Very healthy food
B7: Conventional food | C7: Very entertaining/fun food
B8: Occasional meal | C8: Daily meal
B9: Low price | C9: High price
B10: Low total perceived value | C10: High total perceived value
B12: =B2 -> persona | C12: =C2+1 -> 2
B13: 1 | C13: 5 | D13: Pizza Hut | E13: McDonald's | F13: Burger King | G13: KFC | H13: Dunkin' | I13: Starbucks | J13: Poke bowl
B14: =B4 -> Limited menu | C14: =C4 -> Menu with wide variety of combinations
B15: =B5 -> Few points of sale | C15: =C5 -> Many outlets
B16: =B6 -> Unhealthy food | C16: =C6 -> Very healthy food
B17: =B7 -> Conventional food | C17: =C7 -> Very entertaining/fun food
B18: =B8 -> Occasional meal | C18: =C8 -> Daily meal
B19: =B9 -> Low price | C19: =C9 -> High price
B20: =B10 -> Low total perceived value | C20: =C10 -> High total perceived value
B22: =B12 -> persona | C22: =C12+1 -> 3
B23: 1 | C23: 5 | D23: Pizza Hut | E23: McDonald's | F23: Burger King | G23: KFC | H23: Dunkin' | I23: Starbucks | J23: Poke bowl
B24: =B14 -> Limited menu | C24: =C14 -> Menu with wide variety of combinations
B25: =B15 -> Few points of sale | C25: =C15 -> Many outlets
B26: =B16 -> Unhealthy food | C26: =C16 -> Very healthy food
B27: =B17 -> Conventional food | C27: =C17 -> Very entertaining/fun food
B28: =B18 -> Occasional meal | C28: =C18 -> Daily meal
B29: =B19 -> Low price | C29: =C19 -> High price
B30: =B20 -> Low total perceived value | C30: =C20 -> High total perceived value
B32: =B22 -> persona | C32: =C22+1 -> 4
B33: 1 | C33: 5 | D33: Pizza Hut | E33: McDonald's | F33: Burger King | G33: KFC | H33: Dunkin' | I33: Starbucks | J33: Poke bowl
B34: =B24 -> Limited menu | C34: =C24 -> Menu with wide variety of combinations
B35: =B25 -> Few points of sale | C35: =C25 -> Many outlets
B36: =B26 -> Unhealthy food | C36: =C26 -> Very healthy food
B37: =B27 -> Conventional food | C37: =C27 -> Very entertaining/fun food
B38: =B28 -> Occasional meal | C38: =C28 -> Daily meal
B39: =B29 -> Low price | C39: =C29 -> High price
B40: =B30 -> Low total perceived value | C40: =C30 -> High total perceived value
B42: =B32 -> persona | C42: =C32+1 -> 5
B43: 1 | C43: 5 | D43: Pizza Hut | E43: McDonald's | F43: Burger King | G43: KFC | H43: Dunkin' | I43: Starbucks | J43: Poke bowl
B44: =B34 -> Limited menu | C44: =C34 -> Menu with wide variety of combinations
B45: =B35 -> Few points of sale | C45: =C35 -> Many outlets
B46: =B36 -> Unhealthy food | C46: =C36 -> Very healthy food
B47: =B37 -> Conventional food | C47: =C37 -> Very entertaining/fun food
B48: =B38 -> Occasional meal | C48: =C38 -> Daily meal
B49: =B39 -> Low price | C49: =C39 -> High price
B50: =B40 -> Low total perceived value | C50: =C40 -> High total perceived value
B52: =B42 -> persona | C52: =C42+1 -> 6
B53: 1 | C53: 5 | D53: Pizza Hut | E53: McDonald's | F53: Burger King | G53: KFC | H53: Dunkin' | I53: Starbucks | J53: Poke bowl
B54: =B44 -> Limited menu | C54: =C44 -> Menu with wide variety of combinations
B55: =B45 -> Few points of sale | C55: =C45 -> Many outlets
B56: =B46 -> Unhealthy food | C56: =C46 -> Very healthy food
B57: =B47 -> Conventional food | C57: =C47 -> Very entertaining/fun food
B58: =B48 -> Occasional meal | C58: =C48 -> Daily meal
B59: =B49 -> Low price | C59: =C49 -> High price
B60: =B50 -> Low total perceived value | C60: =C50 -> High total perceived value
B62: =B52 -> persona | C62: mean | D62: Do not delete this table: it averages the personas you have entered.
B63: 1 | C63: 5 | D63: Pizza Hut | E63: McDonald's | F63: Burger King | G63: KFC | H63: Dunkin' | I63: Starbucks | J63: Poke bowl
B64: =B54 -> Limited menu | C64: =C54 -> Menu with wide variety of combinations | D64: =IFERROR(AVERAGE(D4,D14,D24,D34,D44,D54),"") | E64: =IFERROR(AVERAGE(E4,E14,E24,E34,E44,E54),"") | F64: =IFERROR(AVERAGE(F4,F14,F24,F34,F44,F54),"") | G64: =IFERROR(AVERAGE(G4,G14,G24,G34,G44,G54),"") | H64: =IFERROR(AVERAGE(H4,H14,H24,H34,H44,H54),"") | I64: =IFERROR(AVERAGE(I4,I14,I24,I34,I44,I54),"") | J64: =IFERROR(AVERAGE(J4,J14,J24,J34,J44,J54),"")
B65: =B55 -> Few points of sale | C65: =C55 -> Many outlets | D65: =IFERROR(AVERAGE(D5,D15,D25,D35,D45,D55),"") | E65: =IFERROR(AVERAGE(E5,E15,E25,E35,E45,E55),"") | F65: =IFERROR(AVERAGE(F5,F15,F25,F35,F45,F55),"") | G65: =IFERROR(AVERAGE(G5,G15,G25,G35,G45,G55),"") | H65: =IFERROR(AVERAGE(H5,H15,H25,H35,H45,H55),"") | I65: =IFERROR(AVERAGE(I5,I15,I25,I35,I45,I55),"") | J65: =IFERROR(AVERAGE(J5,J15,J25,J35,J45,J55),"")
B66: =B56 -> Unhealthy food | C66: =C56 -> Very healthy food | D66: =IFERROR(AVERAGE(D6,D16,D26,D36,D46,D56),"") | E66: =IFERROR(AVERAGE(E6,E16,E26,E36,E46,E56),"") | F66: =IFERROR(AVERAGE(F6,F16,F26,F36,F46,F56),"") | G66: =IFERROR(AVERAGE(G6,G16,G26,G36,G46,G56),"") | H66: =IFERROR(AVERAGE(H6,H16,H26,H36,H46,H56),"") | I66: =IFERROR(AVERAGE(I6,I16,I26,I36,I46,I56),"") | J66: =IFERROR(AVERAGE(J6,J16,J26,J36,J46,J56),"")
B67: =B57 -> Conventional food | C67: =C57 -> Very entertaining/fun food | D67: =IFERROR(AVERAGE(D7,D17,D27,D37,D47,D57),"") | E67: =IFERROR(AVERAGE(E7,E17,E27,E37,E47,E57),"") | F67: =IFERROR(AVERAGE(F7,F17,F27,F37,F47,F57),"") | G67: =IFERROR(AVERAGE(G7,G17,G27,G37,G47,G57),"") | H67: =IFERROR(AVERAGE(H7,H17,H27,H37,H47,H57),"") | I67: =IFERROR(AVERAGE(I7,I17,I27,I37,I47,I57),"") | J67: =IFERROR(AVERAGE(J7,J17,J27,J37,J47,J57),"")
B68: =B58 -> Occasional meal | C68: =C58 -> Daily meal | D68: =IFERROR(AVERAGE(D8,D18,D28,D38,D48,D58),"") | E68: =IFERROR(AVERAGE(E8,E18,E28,E38,E48,E58),"") | F68: =IFERROR(AVERAGE(F8,F18,F28,F38,F48,F58),"") | G68: =IFERROR(AVERAGE(G8,G18,G28,G38,G48,G58),"") | H68: =IFERROR(AVERAGE(H8,H18,H28,H38,H48,H58),"") | I68: =IFERROR(AVERAGE(I8,I18,I28,I38,I48,I58),"") | J68: =IFERROR(AVERAGE(J8,J18,J28,J38,J48,J58),"")
B69: =B59 -> Low price | C69: =C59 -> High price | D69: =IFERROR(AVERAGE(D9,D19,D29,D39,D49,D59),"") | E69: =IFERROR(AVERAGE(E9,E19,E29,E39,E49,E59),"") | F69: =IFERROR(AVERAGE(F9,F19,F29,F39,F49,F59),"") | G69: =IFERROR(AVERAGE(G9,G19,G29,G39,G49,G59),"") | H69: =IFERROR(AVERAGE(H9,H19,H29,H39,H49,H59),"") | I69: =IFERROR(AVERAGE(I9,I19,I29,I39,I49,I59),"") | J69: =IFERROR(AVERAGE(J9,J19,J29,J39,J49,J59),"")
B70: =B60 -> Low total perceived value | C70: =C60 -> High total perceived value | D70: =IFERROR(AVERAGE(D10,D20,D30,D40,D50,D60),"") | E70: =IFERROR(AVERAGE(E10,E20,E30,E40,E50,E60),"") | F70: =IFERROR(AVERAGE(F10,F20,F30,F40,F50,F60),"") | G70: =IFERROR(AVERAGE(G10,G20,G30,G40,G50,G60),"") | H70: =IFERROR(AVERAGE(H10,H20,H30,H40,H50,H60),"") | I70: =IFERROR(AVERAGE(I10,I20,I30,I40,I50,I60),"") | J70: =IFERROR(AVERAGE(J10,J20,J30,J40,J50,J60),"")
D71: The averages feed the sheet "data to import", which is the one the tool reads.

Sheet data to import
B1: Pizza Hut | C1: McDonald's | D1: Burger King | E1: KFC | F1: Dunkin' | G1: Starbucks | H1: Poke bowl
A2: Menu variety | B2: =DATA!D64 | C2: =DATA!E64 | D2: =DATA!F64 | E2: =DATA!G64 | F2: =DATA!H64 | G2: =DATA!I64 | H2: =DATA!J64
A3: Number of outlets | B3: =DATA!D65 | C3: =DATA!E65 | D3: =DATA!F65 | E3: =DATA!G65 | F3: =DATA!H65 | G3: =DATA!I65 | H3: =DATA!J65
A4: Healthiness | B4: =DATA!D66 | C4: =DATA!E66 | D4: =DATA!F66 | E4: =DATA!G66 | F4: =DATA!H66 | G4: =DATA!I66 | H4: =DATA!J66
A5: Fun / entertainment | B5: =DATA!D67 | C5: =DATA!E67 | D5: =DATA!F67 | E5: =DATA!G67 | F5: =DATA!H67 | G5: =DATA!I67 | H5: =DATA!J67
A6: Occasional vs daily | B6: =DATA!D68 | C6: =DATA!E68 | D6: =DATA!F68 | E6: =DATA!G68 | F6: =DATA!H68 | G6: =DATA!I68 | H6: =DATA!J68
A7: Price level | B7: =DATA!D69 | C7: =DATA!E69 | D7: =DATA!F69 | E7: =DATA!G69 | F7: =DATA!H69 | G7: =DATA!I69 | H7: =DATA!J69
A8: Perceived value | B8: =DATA!D70 | C8: =DATA!E70 | D8: =DATA!F70 | E8: =DATA!G70 | F8: =DATA!H70 | G8: =DATA!I70 | H8: =DATA!J70
A10: Upload this workbook to the Positioning Maps tool as it is: the tool reads this sheet. No copying needed.
